{"moduleName":null,"summaries":[{"symbol":{"__symbol":0,"members":[]},"metadata":{"__symbolic":"class"},"type":{"summaryKind":1,"type":{"reference":{"__symbol":0,"members":[]},"diDeps":[],"lifecycleHooks":[]},"isComponent":true,"selector":"app-root","exportAs":null,"inputs":{},"outputs":{},"hostListeners":{},"hostProperties":{},"hostAttributes":{},"providers":[],"viewProviders":[],"queries":[],"guards":{},"viewQueries":[],"entryComponents":[],"changeDetection":1,"template":{"ngContentSelectors":[],"encapsulation":2},"componentViewType":{"__symbol":1,"members":[]},"rendererType":{"__symbol":2,"members":[]},"componentFactory":{"__symbol":3,"members":[]}}}],"symbols":[{"__symbol":0,"name":"AppComponent","filePath":"./app.component"},{"__symbol":1,"name":"View_AppComponent_0","filePath":"./app.component.ngfactory"},{"__symbol":2,"name":"RenderType_AppComponent","filePath":"./app.component.ngfactory"},{"__symbol":3,"name":"AppComponentNgFactory","filePath":"./app.component.ngfactory"}]}