{"moduleName":null,"summaries":[{"symbol":{"__symbol":0,"members":[]},"metadata":{"__symbolic":"class","members":{"note":[{"__symbolic":"property","decorators":[{"__symbolic":"call","expression":{"__symbolic":"resolved","symbol":{"__symbol":1,"members":[]},"line":10,"character":5,"fileName":"src/app/components/notes/note-snapshot.component.ts"}}]}],"deleteNoteEvent":[{"__symbolic":"property","decorators":[{"__symbolic":"call","expression":{"__symbolic":"resolved","symbol":{"__symbol":2,"members":[]},"line":11,"character":5,"fileName":"src/app/components/notes/note-snapshot.component.ts"}}]}],"refreshNotesEvent":[{"__symbolic":"property","decorators":[{"__symbolic":"call","expression":{"__symbolic":"resolved","symbol":{"__symbol":2,"members":[]},"line":12,"character":5,"fileName":"src/app/components/notes/note-snapshot.component.ts"}}]}],"__ctor__":[{"__symbolic":"constructor","parameters":[{"__symbolic":"resolved","symbol":{"__symbol":3,"members":[]},"line":17,"character":41,"fileName":"src/app/components/notes/note-snapshot.component.ts"}]}],"ngOnInit":[{"__symbolic":"method"}],"deleteNote":[{"__symbolic":"method"}]}},"type":{"summaryKind":1,"type":{"reference":{"__symbol":0,"members":[]},"diDeps":[{"isAttribute":false,"isHost":false,"isSelf":false,"isSkipSelf":false,"isOptional":false,"token":{"identifier":{"reference":{"__symbol":3,"members":[]}}}}],"lifecycleHooks":[0]},"isComponent":true,"selector":"note-snapshot","exportAs":null,"inputs":{"note":"note"},"outputs":{"deleteNoteEvent":"deleteNoteEvent","refreshNotesEvent":"refreshNotesEvent"},"hostListeners":{},"hostProperties":{},"hostAttributes":{},"providers":[],"viewProviders":[],"queries":[],"guards":{},"viewQueries":[],"entryComponents":[],"changeDetection":1,"template":{"ngContentSelectors":[],"encapsulation":2},"componentViewType":{"__symbol":4,"members":[]},"rendererType":{"__symbol":5,"members":[]},"componentFactory":{"__symbol":6,"members":[]}}}],"symbols":[{"__symbol":0,"name":"NoteSnapshotComponent","filePath":"./note-snapshot.component"},{"__symbol":1,"name":"Input","filePath":"@angular/core/core"},{"__symbol":2,"name":"Output","filePath":"@angular/core/core"},{"__symbol":3,"name":"NotesApiService","filePath":"../../services/notes-api/notes-api.service"},{"__symbol":4,"name":"View_NoteSnapshotComponent_0","filePath":"./note-snapshot.component.ngfactory"},{"__symbol":5,"name":"RenderType_NoteSnapshotComponent","filePath":"./note-snapshot.component.ngfactory"},{"__symbol":6,"name":"NoteSnapshotComponentNgFactory","filePath":"./note-snapshot.component.ngfactory"}]}