{"moduleName":null,"summaries":[{"symbol":{"__symbol":0,"members":[]},"metadata":{"__symbolic":"class","members":{"showNoteModalEvent":[{"__symbolic":"property","decorators":[{"__symbolic":"call","expression":{"__symbolic":"resolved","symbol":{"__symbol":1,"members":[]},"line":11,"character":5,"fileName":"src/app/components/notes/notes.component.ts"}}]}],"__ctor__":[{"__symbolic":"constructor","parameters":[{"__symbolic":"resolved","symbol":{"__symbol":2,"members":[]},"line":24,"character":41,"fileName":"src/app/components/notes/notes.component.ts"},{"__symbolic":"resolved","symbol":{"__symbol":3,"members":[]},"line":25,"character":42,"fileName":"src/app/components/notes/notes.component.ts"}]}],"ngOnInit":[{"__symbolic":"method"}],"refreshNotes":[{"__symbolic":"method"}],"onShowNoteModal":[{"__symbolic":"method"}],"openNote":[{"__symbolic":"method"}],"onCloseNoteModal":[{"__symbolic":"method"}],"deleteNote":[{"__symbolic":"method"}],"updateNote":[{"__symbolic":"method"}],"addNote":[{"__symbolic":"method"}],"onScrollDown":[{"__symbolic":"method"}]}},"type":{"summaryKind":1,"type":{"reference":{"__symbol":0,"members":[]},"diDeps":[{"isAttribute":false,"isHost":false,"isSelf":false,"isSkipSelf":false,"isOptional":false,"token":{"identifier":{"reference":{"__symbol":2,"members":[]}}}},{"isAttribute":false,"isHost":false,"isSelf":false,"isSkipSelf":false,"isOptional":false,"token":{"identifier":{"reference":{"__symbol":3,"members":[]}}}}],"lifecycleHooks":[0]},"isComponent":true,"selector":"notes","exportAs":null,"inputs":{},"outputs":{"showNoteModalEvent":"showNoteModalEvent"},"hostListeners":{},"hostProperties":{},"hostAttributes":{},"providers":[],"viewProviders":[],"queries":[],"guards":{},"viewQueries":[],"entryComponents":[],"changeDetection":1,"template":{"ngContentSelectors":[],"encapsulation":2},"componentViewType":{"__symbol":4,"members":[]},"rendererType":{"__symbol":5,"members":[]},"componentFactory":{"__symbol":6,"members":[]}}}],"symbols":[{"__symbol":0,"name":"NotesComponent","filePath":"./notes.component"},{"__symbol":1,"name":"Output","filePath":"@angular/core/core"},{"__symbol":2,"name":"NotesApiService","filePath":"../../services/notes-api/notes-api.service"},{"__symbol":3,"name":"NotesDataService","filePath":"../../services/notes-data/notes-data.service"},{"__symbol":4,"name":"View_NotesComponent_0","filePath":"./notes.component.ngfactory"},{"__symbol":5,"name":"RenderType_NotesComponent","filePath":"./notes.component.ngfactory"},{"__symbol":6,"name":"NotesComponentNgFactory","filePath":"./notes.component.ngfactory"}]}