{"moduleName":null,"summaries":[{"symbol":{"__symbol":0,"members":[]},"metadata":{"__symbolic":"class","members":{"note":[{"__symbolic":"property","decorators":[{"__symbolic":"call","expression":{"__symbolic":"resolved","symbol":{"__symbol":1,"members":[]},"line":11,"character":5,"fileName":"src/app/components/notes/note.component.ts"}}]}],"closeModalEvent":[{"__symbolic":"property","decorators":[{"__symbolic":"call","expression":{"__symbolic":"resolved","symbol":{"__symbol":2,"members":[]},"line":12,"character":5,"fileName":"src/app/components/notes/note.component.ts"}}]}],"updateNoteEvent":[{"__symbolic":"property","decorators":[{"__symbolic":"call","expression":{"__symbolic":"resolved","symbol":{"__symbol":2,"members":[]},"line":13,"character":5,"fileName":"src/app/components/notes/note.component.ts"}}]}],"vcInput":[{"__symbolic":"property","decorators":[{"__symbolic":"call","expression":{"__symbolic":"resolved","symbol":{"__symbol":3,"members":[]},"line":14,"character":5,"fileName":"src/app/components/notes/note.component.ts"},"arguments":["focus"]}]}],"__ctor__":[{"__symbolic":"constructor","parameters":[{"__symbolic":"resolved","symbol":{"__symbol":4,"members":[]},"line":23,"character":37,"fileName":"src/app/components/notes/note.component.ts"},{"__symbolic":"resolved","symbol":{"__symbol":5,"members":[]},"line":24,"character":33,"fileName":"src/app/components/notes/note.component.ts"},{"__symbolic":"resolved","symbol":{"__symbol":6,"members":[]},"line":25,"character":34,"fileName":"src/app/components/notes/note.component.ts"}]}],"ngOnInit":[{"__symbolic":"method"}],"ngAfterContentInit":[{"__symbolic":"method"}],"onSubmit":[{"__symbolic":"method"}],"onCloseNoteModal":[{"__symbolic":"method"}],"handleKeyboardEvent":[{"__symbolic":"method","decorators":[{"__symbolic":"call","expression":{"__symbolic":"resolved","symbol":{"__symbol":7,"members":[]},"line":111,"character":5,"fileName":"src/app/components/notes/note.component.ts"},"arguments":["document:keydown",["$event"]]}]}]}},"type":{"summaryKind":1,"type":{"reference":{"__symbol":0,"members":[]},"diDeps":[{"isAttribute":false,"isHost":false,"isSelf":false,"isSkipSelf":false,"isOptional":false,"token":{"identifier":{"reference":{"__symbol":4,"members":[]}}}},{"isAttribute":false,"isHost":false,"isSelf":false,"isSkipSelf":false,"isOptional":false,"token":{"identifier":{"reference":{"__symbol":5,"members":[]}}}},{"isAttribute":false,"isHost":false,"isSelf":false,"isSkipSelf":false,"isOptional":false,"token":{"identifier":{"reference":{"__symbol":6,"members":[]}}}}],"lifecycleHooks":[0,4]},"isComponent":true,"selector":"note","exportAs":null,"inputs":{"note":"note"},"outputs":{"closeModalEvent":"closeModalEvent","updateNoteEvent":"updateNoteEvent"},"hostListeners":{"document:keydown":"handleKeyboardEvent($event)"},"hostProperties":{},"hostAttributes":{},"providers":[],"viewProviders":[],"queries":[],"guards":{},"viewQueries":[{"selectors":[{"value":"focus"}],"first":true,"descendants":true,"propertyName":"vcInput","read":null}],"entryComponents":[],"changeDetection":1,"template":{"ngContentSelectors":[],"encapsulation":2},"componentViewType":{"__symbol":8,"members":[]},"rendererType":{"__symbol":9,"members":[]},"componentFactory":{"__symbol":10,"members":[]}}}],"symbols":[{"__symbol":0,"name":"NoteComponent","filePath":"./note.component"},{"__symbol":1,"name":"Input","filePath":"@angular/core/core"},{"__symbol":2,"name":"Output","filePath":"@angular/core/core"},{"__symbol":3,"name":"ViewChild","filePath":"@angular/core/core"},{"__symbol":4,"name":"FormBuilder","filePath":"@angular/forms/forms"},{"__symbol":5,"name":"NotesApiService","filePath":"../../services/notes-api/notes-api.service"},{"__symbol":6,"name":"NotesDataService","filePath":"../../services/notes-data/notes-data.service"},{"__symbol":7,"name":"HostListener","filePath":"@angular/core/core"},{"__symbol":8,"name":"View_NoteComponent_0","filePath":"./note.component.ngfactory"},{"__symbol":9,"name":"RenderType_NoteComponent","filePath":"./note.component.ngfactory"},{"__symbol":10,"name":"NoteComponentNgFactory","filePath":"./note.component.ngfactory"}]}