{"moduleName":null,"summaries":[{"symbol":{"__symbol":0,"members":[]},"metadata":{"__symbolic":"class","members":{"__ctor__":[{"__symbolic":"constructor","parameters":[{"__symbolic":"resolved","symbol":{"__symbol":1,"members":[]},"line":7,"character":37,"fileName":"src/app/services/auth-guard/auth-guard.service.ts"},{"__symbolic":"resolved","symbol":{"__symbol":2,"members":[]},"line":8,"character":32,"fileName":"src/app/services/auth-guard/auth-guard.service.ts"}]}],"canActivate":[{"__symbolic":"method"}]}},"type":{"summaryKind":3,"type":{"reference":{"__symbol":0,"members":[]},"diDeps":[{"isAttribute":false,"isHost":false,"isSelf":false,"isSkipSelf":false,"isOptional":false,"token":{"identifier":{"reference":{"__symbol":1,"members":[]}}}},{"isAttribute":false,"isHost":false,"isSelf":false,"isSkipSelf":false,"isOptional":false,"token":{"identifier":{"reference":{"__symbol":2,"members":[]}}}}],"lifecycleHooks":[]}}}],"symbols":[{"__symbol":0,"name":"AuthGuard","filePath":"./auth-guard.service"},{"__symbol":1,"name":"AuthService","filePath":"../auth/auth.service"},{"__symbol":2,"name":"Router","filePath":"@angular/router/router"}]}