{"moduleName":null,"summaries":[{"symbol":{"__symbol":0,"members":[]},"metadata":{"__symbolic":"class","members":{"loadingText":[{"__symbolic":"property","decorators":[{"__symbolic":"call","expression":{"__symbolic":"resolved","symbol":{"__symbol":1,"members":[]},"line":23,"character":5,"fileName":"src/app/components/spinner/spinner-component.ts"}}]}],"__ctor__":[{"__symbolic":"constructor"}],"ngOnInit":[{"__symbolic":"method"}]}},"type":{"summaryKind":1,"type":{"reference":{"__symbol":0,"members":[]},"diDeps":[],"lifecycleHooks":[0]},"isComponent":true,"selector":"spinner","exportAs":null,"inputs":{"loadingText":"loadingText"},"outputs":{},"hostListeners":{},"hostProperties":{},"hostAttributes":{},"providers":[],"viewProviders":[],"queries":[],"guards":{},"viewQueries":[],"entryComponents":[],"changeDetection":1,"template":{"ngContentSelectors":[],"encapsulation":0},"componentViewType":{"__symbol":2,"members":[]},"rendererType":{"__symbol":3,"members":[]},"componentFactory":{"__symbol":4,"members":[]}}}],"symbols":[{"__symbol":0,"name":"SpinnerComponent","filePath":"./spinner-component"},{"__symbol":1,"name":"Input","filePath":"@angular/core/core"},{"__symbol":2,"name":"View_SpinnerComponent_0","filePath":"./spinner-component.ngfactory"},{"__symbol":3,"name":"RenderType_SpinnerComponent","filePath":"./spinner-component.ngfactory"},{"__symbol":4,"name":"SpinnerComponentNgFactory","filePath":"./spinner-component.ngfactory"}]}