{"moduleName":null,"summaries":[{"symbol":{"__symbol":0,"members":[]},"metadata":{"__symbolic":"class","members":{"showNoteModalEvent":[{"__symbolic":"property","decorators":[{"__symbolic":"call","expression":{"__symbolic":"resolved","symbol":{"__symbol":1,"members":[]},"line":9,"character":5,"fileName":"src/app/components/navbar/navbar.component.ts"}}]}],"signOutUserEvent":[{"__symbolic":"property","decorators":[{"__symbolic":"call","expression":{"__symbolic":"resolved","symbol":{"__symbol":1,"members":[]},"line":10,"character":5,"fileName":"src/app/components/navbar/navbar.component.ts"}}]}],"__ctor__":[{"__symbolic":"constructor","parameters":[{"__symbolic":"resolved","symbol":{"__symbol":2,"members":[]},"line":12,"character":42,"fileName":"src/app/components/navbar/navbar.component.ts"}]}],"ngOnInit":[{"__symbolic":"method"}],"onShowNoteModal":[{"__symbolic":"method"}],"onSignOut":[{"__symbolic":"method"}]}},"type":{"summaryKind":1,"type":{"reference":{"__symbol":0,"members":[]},"diDeps":[{"isAttribute":false,"isHost":false,"isSelf":false,"isSkipSelf":false,"isOptional":false,"token":{"identifier":{"reference":{"__symbol":2,"members":[]}}}}],"lifecycleHooks":[0]},"isComponent":true,"selector":"app-navbar","exportAs":null,"inputs":{},"outputs":{"showNoteModalEvent":"showNoteModalEvent","signOutUserEvent":"signOutUserEvent"},"hostListeners":{},"hostProperties":{},"hostAttributes":{},"providers":[],"viewProviders":[],"queries":[],"guards":{},"viewQueries":[],"entryComponents":[],"changeDetection":1,"template":{"ngContentSelectors":[],"encapsulation":2},"componentViewType":{"__symbol":3,"members":[]},"rendererType":{"__symbol":4,"members":[]},"componentFactory":{"__symbol":5,"members":[]}}}],"symbols":[{"__symbol":0,"name":"NavbarComponent","filePath":"./navbar.component"},{"__symbol":1,"name":"Output","filePath":"@angular/core/core"},{"__symbol":2,"name":"NotesDataService","filePath":"../../services/notes-data/notes-data.service"},{"__symbol":3,"name":"View_NavbarComponent_0","filePath":"./navbar.component.ngfactory"},{"__symbol":4,"name":"RenderType_NavbarComponent","filePath":"./navbar.component.ngfactory"},{"__symbol":5,"name":"NavbarComponentNgFactory","filePath":"./navbar.component.ngfactory"}]}