{"moduleName":null,"summaries":[{"symbol":{"__symbol":0,"members":[]},"metadata":{"__symbolic":"class","members":{"__ctor__":[{"__symbolic":"constructor","parameters":[{"__symbolic":"resolved","symbol":{"__symbol":1,"members":[]},"line":11,"character":36,"fileName":"src/app/services/notes-api/notes-api.service.ts"},{"__symbolic":"resolved","symbol":{"__symbol":2,"members":[]},"line":12,"character":37,"fileName":"src/app/services/notes-api/notes-api.service.ts"}]}],"setOptions":[{"__symbolic":"method"}],"addNote":[{"__symbolic":"method"}],"updateNote":[{"__symbolic":"method"}],"deleteNote":[{"__symbolic":"method"}],"getNotes":[{"__symbolic":"method"}]}},"type":{"summaryKind":3,"type":{"reference":{"__symbol":0,"members":[]},"diDeps":[{"isAttribute":false,"isHost":false,"isSelf":false,"isSkipSelf":false,"isOptional":false,"token":{"identifier":{"reference":{"__symbol":1,"members":[]}}}},{"isAttribute":false,"isHost":false,"isSelf":false,"isSkipSelf":false,"isOptional":false,"token":{"identifier":{"reference":{"__symbol":2,"members":[]}}}}],"lifecycleHooks":[]}}}],"symbols":[{"__symbol":0,"name":"NotesApiService","filePath":"./notes-api.service"},{"__symbol":1,"name":"HttpClient","filePath":"@angular/common/http/http"},{"__symbol":2,"name":"AuthService","filePath":"../auth/auth.service"}]}