{"moduleName":null,"summaries":[{"symbol":{"__symbol":0,"members":[]},"metadata":{"__symbolic":"class","members":{"__ctor__":[{"__symbolic":"constructor","parameters":[{"__symbolic":"resolved","symbol":{"__symbol":1,"members":[]},"line":9,"character":32,"fileName":"src/app/services/auth/auth.service.ts"},{"__symbolic":"resolved","symbol":{"__symbol":2,"members":[]},"line":10,"character":34,"fileName":"src/app/services/auth/auth.service.ts"},{"__symbolic":"resolved","symbol":{"__symbol":3,"members":[]},"line":11,"character":28,"fileName":"src/app/services/auth/auth.service.ts"}]}],"getIdToken":[{"__symbolic":"method"}],"isLoggedIn":[{"__symbolic":"method"}],"login":[{"__symbolic":"method"}],"logout":[{"__symbolic":"method"}]}},"type":{"summaryKind":3,"type":{"reference":{"__symbol":0,"members":[]},"diDeps":[{"isAttribute":false,"isHost":false,"isSelf":false,"isSkipSelf":false,"isOptional":false,"token":{"identifier":{"reference":{"__symbol":1,"members":[]}}}},{"isAttribute":false,"isHost":false,"isSelf":false,"isSkipSelf":false,"isOptional":false,"token":{"identifier":{"reference":{"__symbol":2,"members":[]}}}},{"isAttribute":false,"isHost":false,"isSelf":false,"isSkipSelf":false,"isOptional":false,"token":{"identifier":{"reference":{"__symbol":3,"members":[]}}}}],"lifecycleHooks":[]}}}],"symbols":[{"__symbol":0,"name":"AuthService","filePath":"./auth.service"},{"__symbol":1,"name":"Router","filePath":"@angular/router/router"},{"__symbol":2,"name":"NotesDataService","filePath":"../notes-data/notes-data.service"},{"__symbol":3,"name":"HttpClient","filePath":"@angular/common/http/http"}]}