{
  "Version": "2012-10-17",
  "Statement": [
    {
      "Effect": "Allow",
      "Action": [
        "lambda:InvokeFunction"
      ],
      "Resource": [
        "*"
      ]
    },
    {
      "Effect": "Allow",
      "Action": [
        "dynamodb:DescribeStream",
        "dynamodb:GetRecords",
        "dynamodb:GetShardIterator",
        "dynamodb:ListStreams"
      ],
      "Resource": [
        "arn:aws:dynamodb:*:*:table/*/stream/*"
      ]
    },
    {
      "Effect": "Allow",
      "Action": [
        "logs:CreateLogGroup",
        "logs:CreateLogStream",
        "logs:PutLogEvents"
      ],
      "Resource": "arn:aws:logs:*:*:*"
    }
  ]
}