{"moduleName":null,"summaries":[{"symbol":{"__symbol":0,"members":[]},"metadata":{"__symbolic":"class","members":{"__ctor__":[{"__symbolic":"constructor","parameters":[{"__symbolic":"resolved","symbol":{"__symbol":1,"members":[]},"line":10,"character":37,"fileName":"src/app/components/login/login.component.ts"}]}],"ngOnInit":[{"__symbolic":"method"}],"onSignIn":[{"__symbolic":"method"}]}},"type":{"summaryKind":1,"type":{"reference":{"__symbol":0,"members":[]},"diDeps":[{"isAttribute":false,"isHost":false,"isSelf":false,"isSkipSelf":false,"isOptional":false,"token":{"identifier":{"reference":{"__symbol":1,"members":[]}}}}],"lifecycleHooks":[0]},"isComponent":true,"selector":"login","exportAs":null,"inputs":{},"outputs":{},"hostListeners":{},"hostProperties":{},"hostAttributes":{},"providers":[],"viewProviders":[],"queries":[],"guards":{},"viewQueries":[],"entryComponents":[],"changeDetection":1,"template":{"ngContentSelectors":[],"encapsulation":2},"componentViewType":{"__symbol":2,"members":[]},"rendererType":{"__symbol":3,"members":[]},"componentFactory":{"__symbol":4,"members":[]}}}],"symbols":[{"__symbol":0,"name":"LoginComponent","filePath":"./login.component"},{"__symbol":1,"name":"AuthService","filePath":"../../services/auth/auth.service"},{"__symbol":2,"name":"View_LoginComponent_0","filePath":"./login.component.ngfactory"},{"__symbol":3,"name":"RenderType_LoginComponent","filePath":"./login.component.ngfactory"},{"__symbol":4,"name":"LoginComponentNgFactory","filePath":"./login.component.ngfactory"}]}